title,rating,url
EXILES SUITES,4.8,https://www.google.com/travel/hotels/Sliema%20Center/entity/CgsIg4qd0P7h7Y6eARABGl9BR1pJRWdiN2hlNkJ3X3pNbnBEajhTUnRRa1QyN1dpMWdtMU1LZUJjZnFZRHM5YnIyejJmUlZvOFMxSHE4S3ZhNnAyR0doLVBURXV1WGljQVh5czZod3NwSlNtZXZwOA?utm_campaign=sharing&utm_medium=link&utm_source=htls&hrf=CgUIlgEQACIDRVVSKhYKBwjkDxALGAcSBwjkDxALGAgYASgAsAEAWAFoAZoBNhINU2xpZW1hIENlbnRlcholMHgxMzBlNDUzZWI2MzJkODQzOjB4NjJkYmE5MmUyYTc3ODg3N6IBEwoJL20vMDVmN3B0EgZTbGllbWE&rp=SAI&ap=MABoAA&ved=0CAkQyvcEahgKEwjI6t3_ktXsAhUAAAAAHQAAAAAQsQE
Plaza Hotel,3.7,https://www.google.com/travel/hotels/Sliema%20Center/entity/CgoIx4Sku7jplq0oEAEaX0FHWklFZ1lKZ3BVaEVaM2t0ZFdjYnVub015Mktkbm5xZWlZWG1kVjRreHE4OUVFbm8xV2d4MFlkZUNyZVdKcnU1T3JrQzJQLXhibksyMDhoc3lCc29lMkFNU3RNVl9F?utm_campaign=sharing&utm_medium=link&utm_source=htls&hrf=CgUIlgEQACIDRVVSKhYKBwjkDxALGAcSBwjkDxALGAgYASgAsAEAWAFoAZoBNhINU2xpZW1hIENlbnRlcholMHgxMzBlNDUzZWI2MzJkODQzOjB4NjJkYmE5MmUyYTc3ODg3N6IBEwoJL20vMDVmN3B0EgZTbGllbWE&rp=SAI&ap=MABoAA&ved=0CBgQyvcEahgKEwjI6t3_ktXsAhUAAAAAHQAAAAAQsQE
AX The Victoria Hotel,4.5,https://www.google.com/travel/hotels/Sliema%20Center/entity/ChcI84CUn-CGmfJ9GgsvZy8xdGZ5NHkyORAB?utm_campaign=sharing&utm_medium=link&utm_source=htls&hrf=CgUIlgEQACIDRVVSKhYKBwjkDxALGAcSBwjkDxALGAgYASgAsAEAWAFoAZoBNhINU2xpZW1hIENlbnRlcholMHgxMzBlNDUzZWI2MzJkODQzOjB4NjJkYmE5MmUyYTc3ODg3N6IBEwoJL20vMDVmN3B0EgZTbGllbWE&rp=SAI&ap=MABoAA&ved=0CDAQyvcEahgKEwjI6t3_ktXsAhUAAAAAHQAAAAAQsQE
AX The Palace Malta,4.5,https://www.google.com/travel/hotels/Sliema%20Center/entity/ChkIofyTguW3v7L7ARoML2cvMXB0d3I1enI0EAE?utm_campaign=sharing&utm_medium=link&utm_source=htls&hrf=CgUIlgEQACIDRVVSKhYKBwjkDxALGAcSBwjkDxALGAgYASgAsAEAWAFoAZoBNhINU2xpZW1hIENlbnRlcholMHgxMzBlNDUzZWI2MzJkODQzOjB4NjJkYmE5MmUyYTc3ODg3N6IBEwoJL20vMDVmN3B0EgZTbGllbWE&rp=SAI&ap=MABoAA&ved=0CE4QyvcEahgKEwjI6t3_ktXsAhUAAAAAHQAAAAAQsQE
Mr. Todd Hotel,4.6,https://www.google.com/travel/hotels/Sliema%20Center/entity/ChoI6ImQ5v76_qbLARoNL2cvMTFnbDF5a2hzeBAB?utm_campaign=sharing&utm_medium=link&utm_source=htls&hrf=CgUIlgEQACIDRVVSKhYKBwjkDxALGAcSBwjkDxALGAgYASgAsAEAWAFoAZoBNhINU2xpZW1hIENlbnRlcholMHgxMzBlNDUzZWI2MzJkODQzOjB4NjJkYmE5MmUyYTc3ODg3N6IBEwoJL20vMDVmN3B0EgZTbGllbWE&rp=SAI&ap=MABoAA&ved=0CGQQyvcEahgKEwjI6t3_ktXsAhUAAAAAHQAAAAAQsQE
Plaza Hotel,3.7,https://www.google.com/travel/hotels/Sliema%20Center/entity/ChcIx4Sku7jplq0oGgsvZy8xdGY2MnExORAB?utm_campaign=sharing&utm_medium=link&utm_source=htls&hrf=CgUIlgEQACIDRVVSKhYKBwjkDxALGAcSBwjkDxALGAgYASgAsAEAWAFoAZoBNhINU2xpZW1hIENlbnRlcholMHgxMzBlNDUzZWI2MzJkODQzOjB4NjJkYmE5MmUyYTc3ODg3N6IBEwoJL20vMDVmN3B0EgZTbGllbWE&rp=SAI&ap=MABoAA&ved=0CHwQyvcEahgKEwjI6t3_ktXsAhUAAAAAHQAAAAAQsQE
Preluna,4.0,https://www.google.com/travel/hotels/Sliema%20Center/entity/ChgIsMWn5uuY-dKKARoLL2cvMXcxNDExd3YQAQ?utm_campaign=sharing&utm_medium=link&utm_source=htls&hrf=CgUIlgEQACIDRVVSKhYKBwjkDxALGAcSBwjkDxALGAgYASgAsAEAWAFoAZoBNhINU2xpZW1hIENlbnRlcholMHgxMzBlNDUzZWI2MzJkODQzOjB4NjJkYmE5MmUyYTc3ODg3N6IBEwoJL20vMDVmN3B0EgZTbGllbWE&rp=SAI&ap=MABoAA&ved=0CJQBEMr3BGoYChMIyOrd_5LV7AIVAAAAAB0AAAAAELEB
Two Pillows Boutique Hostel,4.7,https://www.google.com/travel/hotels/Sliema%20Center/entity/ChgI0t7fxqag3L88GgwvZy8xMmhzbGJsMzEQAQ?utm_campaign=sharing&utm_medium=link&utm_source=htls&hrf=CgUIlgEQACIDRVVSKhYKBwjkDxALGAcSBwjkDxALGAgYASgAsAEAWAFoAZoBNhINU2xpZW1hIENlbnRlcholMHgxMzBlNDUzZWI2MzJkODQzOjB4NjJkYmE5MmUyYTc3ODg3N6IBEwoJL20vMDVmN3B0EgZTbGllbWE&rp=SAI&ap=MABoAA&ved=0CKwBEMr3BGoYChMIyOrd_5LV7AIVAAAAAB0AAAAAELEB
Pebbles Boutique Aparthotel,4.3,https://www.google.com/travel/hotels/Sliema%20Center/entity/ChcItJj1nfC12-RgGgsvZy8xdGRrNzhreBAB?utm_campaign=sharing&utm_medium=link&utm_source=htls&hrf=CgUIlgEQACIDRVVSKhYKBwjkDxALGAcSBwjkDxALGAgYASgAsAEAWAFoAZoBNhINU2xpZW1hIENlbnRlcholMHgxMzBlNDUzZWI2MzJkODQzOjB4NjJkYmE5MmUyYTc3ODg3N6IBEwoJL20vMDVmN3B0EgZTbGllbWE&rp=SAI&ap=MABoAA&ved=0CMQBEMr3BGoYChMIyOrd_5LV7AIVAAAAAB0AAAAAELEB
Palazzo Violetta,4.4,https://www.google.com/travel/hotels/Sliema%20Center/entity/ChoI8t7i-vu0-J6hARoNL2cvMTFiXzJwaGhoXxAB?utm_campaign=sharing&utm_medium=link&utm_source=htls&hrf=CgUIlgEQACIDRVVSKhYKBwjkDxALGAcSBwjkDxALGAgYASgAsAEAWAFoAZoBNhINU2xpZW1hIENlbnRlcholMHgxMzBlNDUzZWI2MzJkODQzOjB4NjJkYmE5MmUyYTc3ODg3N6IBEwoJL20vMDVmN3B0EgZTbGllbWE&rp=SAI&ap=MABoAA&ved=0CNwBEMr3BGoYChMIyOrd_5LV7AIVAAAAAB0AAAAAELEB
The Waterfront Hotel,4.2,https://www.google.com/travel/hotels/Sliema%20Center/entity/ChkIgeKG6J2Huu3VARoML2cvMXlnYmI4Z3Z6EAE?utm_campaign=sharing&utm_medium=link&utm_source=htls&hrf=CgUIlgEQACIDRVVSKhYKBwjkDxALGAcSBwjkDxALGAgYASgAsAEAWAFoAZoBNhINU2xpZW1hIENlbnRlcholMHgxMzBlNDUzZWI2MzJkODQzOjB4NjJkYmE5MmUyYTc3ODg3N6IBEwoJL20vMDVmN3B0EgZTbGllbWE&rp=SAI&ap=MABoAA&ved=0CPIBEMr3BGoYChMIyOrd_5LV7AIVAAAAAB0AAAAAELEB
The Maltese Sun,4.7,https://www.google.com/travel/hotels/Sliema%20Center/entity/ChoI1fTmi5jUzs_DARoNL2cvMTFmbDdwNWcxeBAB?utm_campaign=sharing&utm_medium=link&utm_source=htls&hrf=CgUIlgEQACIDRVVSKhYKBwjkDxALGAcSBwjkDxALGAgYASgAsAEAWAFoAZoBNhINU2xpZW1hIENlbnRlcholMHgxMzBlNDUzZWI2MzJkODQzOjB4NjJkYmE5MmUyYTc3ODg3N6IBEwoJL20vMDVmN3B0EgZTbGllbWE&rp=SAI&ap=MABoAA&ved=0CIoCEMr3BGoYChMIyOrd_5LV7AIVAAAAAB0AAAAAELEB
Roma Hotel,3.2,https://www.google.com/travel/hotels/Sliema%20Center/entity/ChgIvqiW2IGesbnIARoLL2cvMXZsNWNfZl8QAQ?utm_campaign=sharing&utm_medium=link&utm_source=htls&hrf=CgUIlgEQACIDRVVSKhYKBwjkDxALGAcSBwjkDxALGAgYASgAsAEAWAFoAZoBNhINU2xpZW1hIENlbnRlcholMHgxMzBlNDUzZWI2MzJkODQzOjB4NjJkYmE5MmUyYTc3ODg3N6IBEwoJL20vMDVmN3B0EgZTbGllbWE&rp=SAI&ap=MABoAA&ved=0CKACEMr3BGoYChMIyOrd_5LV7AIVAAAAAB0AAAAAELEB
Slimiza Suites Sliema,4.3,https://www.google.com/travel/hotels/Sliema%20Center/entity/ChkIyJDY1OHAh_2GARoML2cvMWhmMndmNjdfEAE?utm_campaign=sharing&utm_medium=link&utm_source=htls&hrf=CgUIlgEQACIDRVVSKhYKBwjkDxALGAcSBwjkDxALGAgYASgAsAEAWAFoAZoBNhINU2xpZW1hIENlbnRlcholMHgxMzBlNDUzZWI2MzJkODQzOjB4NjJkYmE5MmUyYTc3ODg3N6IBEwoJL20vMDVmN3B0EgZTbGllbWE&rp=SAI&ap=MABoAA&ved=0CLgCEMr3BGoYChMIyOrd_5LV7AIVAAAAAB0AAAAAELEB
Urban Rooms,4.3,https://www.google.com/travel/hotels/Sliema%20Center/entity/ChoI3dv0j-6hrITVARoNL2cvMTFmNWx5NXlrXxAB?utm_campaign=sharing&utm_medium=link&utm_source=htls&hrf=CgUIlgEQACIDRVVSKhYKBwjkDxALGAcSBwjkDxALGAgYASgAsAEAWAFoAZoBNhINU2xpZW1hIENlbnRlcholMHgxMzBlNDUzZWI2MzJkODQzOjB4NjJkYmE5MmUyYTc3ODg3N6IBEwoJL20vMDVmN3B0EgZTbGllbWE&rp=SAI&ap=EgNDQXcwA2gA&ved=0CAkQyvcEahgKEwjI6t3_ktXsAhUAAAAAHQAAAAAQzQI
Five Trees,4.2,https://www.google.com/travel/hotels/Sliema%20Center/entity/ChkIn9vyiZqV-LtOGg0vZy8xMWMxcjY2cjZ3EAE?utm_campaign=sharing&utm_medium=link&utm_source=htls&hrf=CgUIlgEQACIDRVVSKhYKBwjkDxALGAcSBwjkDxALGAgYASgAsAEAWAFoAZoBNhINU2xpZW1hIENlbnRlcholMHgxMzBlNDUzZWI2MzJkODQzOjB4NjJkYmE5MmUyYTc3ODg3N6IBEwoJL20vMDVmN3B0EgZTbGllbWE&rp=SAI&ap=EgNDQXcwA2gA&ved=0CCEQyvcEahgKEwjI6t3_ktXsAhUAAAAAHQAAAAAQzQI
EXILES SUITES,4.8,https://www.google.com/travel/hotels/Sliema%20Center/entity/ChoIg4qd0P7h7Y6eARoNL2cvMTFqNGRzdHc2cxAB?utm_campaign=sharing&utm_medium=link&utm_source=htls&hrf=CgUIlgEQACIDRVVSKhYKBwjkDxALGAcSBwjkDxALGAgYASgAsAEAWAFoAZoBNhINU2xpZW1hIENlbnRlcholMHgxMzBlNDUzZWI2MzJkODQzOjB4NjJkYmE5MmUyYTc3ODg3N6IBEwoJL20vMDVmN3B0EgZTbGllbWE&rp=SAI&ap=EgNDQXcwA2gA&ved=0CDkQyvcEahgKEwjI6t3_ktXsAhUAAAAAHQAAAAAQzQI
Cozy Rooms,4.9,https://www.google.com/travel/hotels/Sliema%20Center/entity/ChoI_tCi7Z7pzLPkARoNL2cvMTFmbHY5emw4NxAB?utm_campaign=sharing&utm_medium=link&utm_source=htls&hrf=CgUIlgEQACIDRVVSKhYKBwjkDxALGAcSBwjkDxALGAgYASgAsAEAWAFoAZoBNhINU2xpZW1hIENlbnRlcholMHgxMzBlNDUzZWI2MzJkODQzOjB4NjJkYmE5MmUyYTc3ODg3N6IBEwoJL20vMDVmN3B0EgZTbGllbWE&rp=SAI&ap=EgNDQXcwA2gA&ved=0CEgQyvcEahgKEwjI6t3_ktXsAhUAAAAAHQAAAAAQzQI
Day's Inn Hotel,3.4,https://www.google.com/travel/hotels/Sliema%20Center/entity/ChcInLCrg9qk_Y4LGgsvZy8xdmI5ZzR4bBAB?utm_campaign=sharing&utm_medium=link&utm_source=htls&hrf=CgUIlgEQACIDRVVSKhYKBwjkDxALGAcSBwjkDxALGAgYASgAsAEAWAFoAZoBNhINU2xpZW1hIENlbnRlcholMHgxMzBlNDUzZWI2MzJkODQzOjB4NjJkYmE5MmUyYTc3ODg3N6IBEwoJL20vMDVmN3B0EgZTbGllbWE&rp=SAI&ap=EgNDQXcwA2gA&ved=0CGAQyvcEahgKEwjI6t3_ktXsAhUAAAAAHQAAAAAQzQI
Blanc Boutique,3.5,https://www.google.com/travel/hotels/Sliema%20Center/entity/ChoIs8SJ9pCZgYCjARoNL2cvMTFjNWJ0ZjB2ZxAB?utm_campaign=sharing&utm_medium=link&utm_source=htls&hrf=CgUIlgEQACIDRVVSKhYKBwjkDxALGAcSBwjkDxALGAgYASgAsAEAWAFoAZoBNhINU2xpZW1hIENlbnRlcholMHgxMzBlNDUzZWI2MzJkODQzOjB4NjJkYmE5MmUyYTc3ODg3N6IBEwoJL20vMDVmN3B0EgZTbGllbWE&rp=SAI&ap=EgNDQXcwA2gA&ved=0CHgQyvcEahgKEwjI6t3_ktXsAhUAAAAAHQAAAAAQzQI
Ascot Flats,4.3,https://www.google.com/travel/hotels/Sliema%20Center/entity/ChkIjpK0t86_voEKGg0vZy8xMWYzdHJyMHgyEAE?utm_campaign=sharing&utm_medium=link&utm_source=htls&hrf=CgUIlgEQACIDRVVSKhYKBwjkDxALGAcSBwjkDxALGAgYASgAsAEAWAFoAZoBNhINU2xpZW1hIENlbnRlcholMHgxMzBlNDUzZWI2MzJkODQzOjB4NjJkYmE5MmUyYTc3ODg3N6IBEwoJL20vMDVmN3B0EgZTbGllbWE&rp=SAI&ap=EgNDQXcwA2gA&ved=0CIoBEMr3BGoYChMIyOrd_5LV7AIVAAAAAB0AAAAAEM0C
Sliema Hotel by ST Hotels,3.7,https://www.google.com/travel/hotels/Sliema%20Center/entity/ChgIzP2U3P-ZtsLcARoLL2cvMXhjNjBjMzYQAQ?utm_campaign=sharing&utm_medium=link&utm_source=htls&hrf=CgUIlgEQACIDRVVSKhYKBwjkDxALGAcSBwjkDxALGAgYASgAsAEAWAFoAZoBNhINU2xpZW1hIENlbnRlcholMHgxMzBlNDUzZWI2MzJkODQzOjB4NjJkYmE5MmUyYTc3ODg3N6IBEwoJL20vMDVmN3B0EgZTbGllbWE&rp=SAI&ap=EgNDQXcwA2gA&ved=0CKIBEMr3BGoYChMIyOrd_5LV7AIVAAAAAB0AAAAAEM0C
Carlton Hotel Sliema,3.7,https://www.google.com/travel/hotels/Sliema%20Center/entity/ChgIjfTbuP7D75CMARoLL2cvMXRnZDhtaHkQAQ?utm_campaign=sharing&utm_medium=link&utm_source=htls&hrf=CgUIlgEQACIDRVVSKhYKBwjkDxALGAcSBwjkDxALGAgYASgAsAEAWAFoAZoBNhINU2xpZW1hIENlbnRlcholMHgxMzBlNDUzZWI2MzJkODQzOjB4NjJkYmE5MmUyYTc3ODg3N6IBEwoJL20vMDVmN3B0EgZTbGllbWE&rp=SAI&ap=EgNDQXcwA2gA&ved=0CLoBEMr3BGoYChMIyOrd_5LV7AIVAAAAAB0AAAAAEM0C
Park Hotel,2.8,https://www.google.com/travel/hotels/Sliema%20Center/entity/ChcI6Yar4qrM5IxNGgsvZy8xdGQ4dmYyeRAB?utm_campaign=sharing&utm_medium=link&utm_source=htls&hrf=CgUIlgEQACIDRVVSKhYKBwjkDxALGAcSBwjkDxALGAgYASgAsAEAWAFoAZoBNhINU2xpZW1hIENlbnRlcholMHgxMzBlNDUzZWI2MzJkODQzOjB4NjJkYmE5MmUyYTc3ODg3N6IBEwoJL20vMDVmN3B0EgZTbGllbWE&rp=SAI&ap=EgNDQXcwA2gA&ved=0CM4BEMr3BGoYChMIyOrd_5LV7AIVAAAAAB0AAAAAEM0C
Sliema Chalet Hotel,3.7,https://www.google.com/travel/hotels/Sliema%20Center/entity/ChgIqvLHv5Opuu3gARoLL2cvMXRmOGIzMzUQAQ?utm_campaign=sharing&utm_medium=link&utm_source=htls&hrf=CgUIlgEQACIDRVVSKhYKBwjkDxALGAcSBwjkDxALGAgYASgAsAEAWAFoAZoBNhINU2xpZW1hIENlbnRlcholMHgxMzBlNDUzZWI2MzJkODQzOjB4NjJkYmE5MmUyYTc3ODg3N6IBEwoJL20vMDVmN3B0EgZTbGllbWE&rp=SAI&ap=EgNDQXcwA2gA&ved=0COABEMr3BGoYChMIyOrd_5LV7AIVAAAAAB0AAAAAEM0C
Alborada Apart Hotel,2.9,https://www.google.com/travel/hotels/Sliema%20Center/entity/ChcI-eyaiJfJ1Z98GgsvZy8xdGhiZ2hxaxAB?utm_campaign=sharing&utm_medium=link&utm_source=htls&hrf=CgUIlgEQACIDRVVSKhYKBwjkDxALGAcSBwjkDxALGAgYASgAsAEAWAFoAZoBNhINU2xpZW1hIENlbnRlcholMHgxMzBlNDUzZWI2MzJkODQzOjB4NjJkYmE5MmUyYTc3ODg3N6IBEwoJL20vMDVmN3B0EgZTbGllbWE&rp=SAI&ap=EgNDQXcwA2gA&ved=0CPgBEMr3BGoYChMIyOrd_5LV7AIVAAAAAB0AAAAAEM0C
The Diplomat Hotel,3.6,https://www.google.com/travel/hotels/Sliema%20Center/entity/ChgIoKnozI3msYmdARoLL2cvMXRkazc4a3kQAQ?utm_campaign=sharing&utm_medium=link&utm_source=htls&hrf=CgUIlgEQACIDRVVSKhYKBwjkDxALGAcSBwjkDxALGAgYASgAsAEAWAFoAZoBNhINU2xpZW1hIENlbnRlcholMHgxMzBlNDUzZWI2MzJkODQzOjB4NjJkYmE5MmUyYTc3ODg3N6IBEwoJL20vMDVmN3B0EgZTbGllbWE&rp=SAI&ap=EgNDQmcwA2gA&ved=0CAkQyvcEahgKEwjI6t3_ktXsAhUAAAAAHQAAAAAQhAQ
AX Palazzo Capua,4.3,https://www.google.com/travel/hotels/Sliema%20Center/entity/ChYI-c6G4JyM845EGgovbS8wNjRuMGRxEAE?utm_campaign=sharing&utm_medium=link&utm_source=htls&hrf=CgUIlgEQACIDRVVSKhYKBwjkDxALGAcSBwjkDxALGAgYASgAsAEAWAFoAZoBNhINU2xpZW1hIENlbnRlcholMHgxMzBlNDUzZWI2MzJkODQzOjB4NjJkYmE5MmUyYTc3ODg3N6IBEwoJL20vMDVmN3B0EgZTbGllbWE&rp=SAI&ap=EgNDQmcwA2gA&ved=0CBsQyvcEahgKEwjI6t3_ktXsAhUAAAAAHQAAAAAQhAQ
Europa Hotel Malta,3.4,https://www.google.com/travel/hotels/Sliema%20Center/entity/ChcIwLDe9JOWuMtDGgsvZy8xdGdnZDFzMxAB?utm_campaign=sharing&utm_medium=link&utm_source=htls&hrf=CgUIlgEQACIDRVVSKhYKBwjkDxALGAcSBwjkDxALGAgYASgAsAEAWAFoAZoBNhINU2xpZW1hIENlbnRlcholMHgxMzBlNDUzZWI2MzJkODQzOjB4NjJkYmE5MmUyYTc3ODg3N6IBEwoJL20vMDVmN3B0EgZTbGllbWE&rp=SAI&ap=EgNDQmcwA2gA&ved=0CDEQyvcEahgKEwjI6t3_ktXsAhUAAAAAHQAAAAAQhAQ
Windsor Hotel,2.6,https://www.google.com/travel/hotels/Sliema%20Center/entity/ChgIqr_k7JK97v2yARoLL2cvMXRmMTd6d2oQAQ?utm_campaign=sharing&utm_medium=link&utm_source=htls&hrf=CgUIlgEQACIDRVVSKhYKBwjkDxALGAcSBwjkDxALGAgYASgAsAEAWAFoAZoBNhINU2xpZW1hIENlbnRlcholMHgxMzBlNDUzZWI2MzJkODQzOjB4NjJkYmE5MmUyYTc3ODg3N6IBEwoJL20vMDVmN3B0EgZTbGllbWE&rp=SAI&ap=EgNDQmcwA2gA&ved=0CEMQyvcEahgKEwjI6t3_ktXsAhUAAAAAHQAAAAAQhAQ
Depiro Point,4.2,https://www.google.com/travel/hotels/Sliema%20Center/entity/ChgIj6nrlamm_N91GgwvZy8xcHAydF8zODIQAQ?utm_campaign=sharing&utm_medium=link&utm_source=htls&hrf=CgUIlgEQACIDRVVSKhYKBwjkDxALGAcSBwjkDxALGAgYASgAsAEAWAFoAZoBNhINU2xpZW1hIENlbnRlcholMHgxMzBlNDUzZWI2MzJkODQzOjB4NjJkYmE5MmUyYTc3ODg3N6IBEwoJL20vMDVmN3B0EgZTbGllbWE&rp=SAI&ap=EgNDQmcwA2gA&ved=0CFkQyvcEahgKEwjI6t3_ktXsAhUAAAAAHQAAAAAQhAQ
Oâ€™Clock Bed and Breakfast,4.6,https://www.google.com/travel/hotels/Sliema%20Center/entity/ChoIi5CqyaLsrpbGARoNL2cvMTFmal9qYjRjORAB?utm_campaign=sharing&utm_medium=link&utm_source=htls&hrf=CgUIlgEQACIDRVVSKhYKBwjkDxALGAcSBwjkDxALGAgYASgAsAEAWAFoAZoBNhINU2xpZW1hIENlbnRlcholMHgxMzBlNDUzZWI2MzJkODQzOjB4NjJkYmE5MmUyYTc3ODg3N6IBEwoJL20vMDVmN3B0EgZTbGllbWE&rp=SAI&ap=EgNDQmcwA2gA&ved=0CG0QyvcEahgKEwjI6t3_ktXsAhUAAAAAHQAAAAAQhAQ
Granny's Inn Hostel,4.4,https://www.google.com/travel/hotels/Sliema%20Center/entity/ChcIze3ghuT659hBGgsvZy8xdmJfcjFmcxAB?utm_campaign=sharing&utm_medium=link&utm_source=htls&hrf=CgUIlgEQACIDRVVSKhYKBwjkDxALGAcSBwjkDxALGAgYASgAsAEAWAFoAZoBNhINU2xpZW1hIENlbnRlcholMHgxMzBlNDUzZWI2MzJkODQzOjB4NjJkYmE5MmUyYTc3ODg3N6IBEwoJL20vMDVmN3B0EgZTbGllbWE&rp=SAI&ap=EgNDQmcwA2gA&ved=0CIMBEMr3BGoYChMIyOrd_5LV7AIVAAAAAB0AAAAAEIQE
IPrime Suites,4.1,https://www.google.com/travel/hotels/Sliema%20Center/entity/ChkI8sy65duW2e1BGg0vZy8xMWY1bGdfZ182EAE?utm_campaign=sharing&utm_medium=link&utm_source=htls&hrf=CgUIlgEQACIDRVVSKhYKBwjkDxALGAcSBwjkDxALGAgYASgAsAEAWAFoAZoBNhINU2xpZW1hIENlbnRlcholMHgxMzBlNDUzZWI2MzJkODQzOjB4NjJkYmE5MmUyYTc3ODg3N6IBEwoJL20vMDVmN3B0EgZTbGllbWE&rp=SAI&ap=EgNDQmcwA2gA&ved=0CJUBEMr3BGoYChMIyOrd_5LV7AIVAAAAAB0AAAAAEIQE
New Tower Palace Hotel,3.9,https://www.google.com/travel/hotels/Sliema%20Center/entity/ChgI3YK2xc-Q6NaeARoLL2cvMXdka3pjMncQAQ?utm_campaign=sharing&utm_medium=link&utm_source=htls&hrf=CgUIlgEQACIDRVVSKhYKBwjkDxALGAcSBwjkDxALGAgYASgAsAEAWAFoAZoBNhINU2xpZW1hIENlbnRlcholMHgxMzBlNDUzZWI2MzJkODQzOjB4NjJkYmE5MmUyYTc3ODg3N6IBEwoJL20vMDVmN3B0EgZTbGllbWE&rp=SAI&ap=EgNDQmcwA2gA&ved=0CKsBEMr3BGoYChMIyOrd_5LV7AIVAAAAAB0AAAAAEIQE
Hacienda Holiday Apartments,4.7,https://www.google.com/travel/hotels/Sliema%20Center/entity/ChkIjffkqJXWo_08Gg0vZy8xMWR6NXEzemQwEAE?utm_campaign=sharing&utm_medium=link&utm_source=htls&hrf=CgUIlgEQACIDRVVSKhYKBwjkDxALGAcSBwjkDxALGAgYASgAsAEAWAFoAZoBNhINU2xpZW1hIENlbnRlcholMHgxMzBlNDUzZWI2MzJkODQzOjB4NjJkYmE5MmUyYTc3ODg3N6IBEwoJL20vMDVmN3B0EgZTbGllbWE&rp=SAI&ap=EgNDQmcwA2gA&ved=0CL0BEMr3BGoYChMIyOrd_5LV7AIVAAAAAB0AAAAAEIQE
meditropical,4.9,https://www.google.com/travel/hotels/Sliema%20Center/entity/ChkI7c3M18jpouBRGg0vZy8xMWY4anNybTlnEAE?utm_campaign=sharing&utm_medium=link&utm_source=htls&hrf=CgUIlgEQACIDRVVSKhYKBwjkDxALGAcSBwjkDxALGAgYASgAsAEAWAFoAZoBNhINU2xpZW1hIENlbnRlcholMHgxMzBlNDUzZWI2MzJkODQzOjB4NjJkYmE5MmUyYTc3ODg3N6IBEwoJL20vMDVmN3B0EgZTbGllbWE&rp=SAI&ap=EgNDQmcwA2gA&ved=0CM8BEMr3BGoYChMIyOrd_5LV7AIVAAAAAB0AAAAAEIQE
D Townhouse,4.7,https://www.google.com/travel/hotels/Sliema%20Center/entity/ChoI8ZL_vfq31ubNARoNL2cvMTFjbTA4OGtfdhAB?utm_campaign=sharing&utm_medium=link&utm_source=htls&hrf=CgUIlgEQACIDRVVSKhYKBwjkDxALGAcSBwjkDxALGAgYASgAsAEAWAFoAZoBNhINU2xpZW1hIENlbnRlcholMHgxMzBlNDUzZWI2MzJkODQzOjB4NjJkYmE5MmUyYTc3ODg3N6IBEwoJL20vMDVmN3B0EgZTbGllbWE&rp=SAI&ap=EgNDQmcwA2gA&ved=0COEBEMr3BGoYChMIyOrd_5LV7AIVAAAAAB0AAAAAEIQE
La Luna Town House,4.5,https://www.google.com/travel/hotels/Sliema%20Center/entity/ChkIgPrfp7_pi6VtGg0vZy8xMWh6eHlfazI0EAE?utm_campaign=sharing&utm_medium=link&utm_source=htls&hrf=CgUIlgEQACIDRVVSKhYKBwjkDxALGAcSBwjkDxALGAgYASgAsAEAWAFoAZoBNhINU2xpZW1hIENlbnRlcholMHgxMzBlNDUzZWI2MzJkODQzOjB4NjJkYmE5MmUyYTc3ODg3N6IBEwoJL20vMDVmN3B0EgZTbGllbWE&rp=SAI&ap=EgNDQ1EwA2gA&ved=0CAkQyvcEahgKEwjI6t3_ktXsAhUAAAAAHQAAAAAQvQU
Astra Hotel,3.3,https://www.google.com/travel/hotels/Sliema%20Center/entity/ChcIzou2gqX7rsxHGgsvZy8xdGQzYnl3NhAB?utm_campaign=sharing&utm_medium=link&utm_source=htls&hrf=CgUIlgEQACIDRVVSKhYKBwjkDxALGAcSBwjkDxALGAgYASgAsAEAWAFoAZoBNhINU2xpZW1hIENlbnRlcholMHgxMzBlNDUzZWI2MzJkODQzOjB4NjJkYmE5MmUyYTc3ODg3N6IBEwoJL20vMDVmN3B0EgZTbGllbWE&rp=SAI&ap=EgNDQ1EwA2gA&ved=0CBoQyvcEahgKEwjI6t3_ktXsAhUAAAAAHQAAAAAQvQU
Nautilus Boutique Townhouse,4.4,https://www.google.com/travel/hotels/Sliema%20Center/entity/ChoIjY6zmo7iq6rgARoNL2cvMTFoM2RoOXI4eBAB?utm_campaign=sharing&utm_medium=link&utm_source=htls&hrf=CgUIlgEQACIDRVVSKhYKBwjkDxALGAcSBwjkDxALGAgYASgAsAEAWAFoAZoBNhINU2xpZW1hIENlbnRlcholMHgxMzBlNDUzZWI2MzJkODQzOjB4NjJkYmE5MmUyYTc3ODg3N6IBEwoJL20vMDVmN3B0EgZTbGllbWE&rp=SAI&ap=EgNDQ1EwA2gA&ved=0CCwQyvcEahgKEwjI6t3_ktXsAhUAAAAAHQAAAAAQvQU
Pawlu Accomodations,4.6,https://www.google.com/travel/hotels/Sliema%20Center/entity/ChkIpfyvz_2M0qV6Gg0vZy8xMWM0YmpocW0zEAE?utm_campaign=sharing&utm_medium=link&utm_source=htls&hrf=CgUIlgEQACIDRVVSKhYKBwjkDxALGAcSBwjkDxALGAgYASgAsAEAWAFoAZoBNhINU2xpZW1hIENlbnRlcholMHgxMzBlNDUzZWI2MzJkODQzOjB4NjJkYmE5MmUyYTc3ODg3N6IBEwoJL20vMDVmN3B0EgZTbGllbWE&rp=SAI&ap=EgNDQ1EwA2gA&ved=0CD0QyvcEahgKEwjI6t3_ktXsAhUAAAAAHQAAAAAQvQU
Le Malte House,3.4,https://www.google.com/travel/hotels/Sliema%20Center/entity/ChkIzp203Nfat_wHGg0vZy8xMWR6ZGM5enpnEAE?utm_campaign=sharing&utm_medium=link&utm_source=htls&hrf=CgUIlgEQACIDRVVSKhYKBwjkDxALGAcSBwjkDxALGAgYASgAsAEAWAFoAZoBNhINU2xpZW1hIENlbnRlcholMHgxMzBlNDUzZWI2MzJkODQzOjB4NjJkYmE5MmUyYTc3ODg3N6IBEwoJL20vMDVmN3B0EgZTbGllbWE&rp=SAI&ap=EgNDQ1EwA2gA&ved=0CE8QyvcEahgKEwjI6t3_ktXsAhUAAAAAHQAAAAAQvQU
La Loggia Deluxe Suites,5.0,https://www.google.com/travel/hotels/Sliema%20Center/entity/ChoImMn_oPSyluWwARoNL2cvMTFoXzc5cnJtdxAB?utm_campaign=sharing&utm_medium=link&utm_source=htls&hrf=CgUIlgEQACIDRVVSKhYKBwjkDxALGAcSBwjkDxALGAgYASgAsAEAWAFoAZoBNhINU2xpZW1hIENlbnRlcholMHgxMzBlNDUzZWI2MzJkODQzOjB4NjJkYmE5MmUyYTc3ODg3N6IBEwoJL20vMDVmN3B0EgZTbGllbWE&rp=SAI&ap=EgNDQ1EwA2gA&ved=0CFwQyvcEahgKEwjI6t3_ktXsAhUAAAAAHQAAAAAQvQU
House Of Pomegranates,4.6,https://www.google.com/travel/hotels/Sliema%20Center/entity/ChoIsf-A5-TglIa9ARoNL2cvMTFmZDZzcnJfOBAB?utm_campaign=sharing&utm_medium=link&utm_source=htls&hrf=CgUIlgEQACIDRVVSKhYKBwjkDxALGAcSBwjkDxALGAgYASgAsAEAWAFoAZoBNhINU2xpZW1hIENlbnRlcholMHgxMzBlNDUzZWI2MzJkODQzOjB4NjJkYmE5MmUyYTc3ODg3N6IBEwoJL20vMDVmN3B0EgZTbGllbWE&rp=SAI&ap=EgNDQ1EwA2gA&ved=0CHIQyvcEahgKEwjI6t3_ktXsAhUAAAAAHQAAAAAQvQU
Casa Leon,5.0,https://www.google.com/travel/hotels/Sliema%20Center/entity/ChoIlv6wq5q79cavARoNL2cvMTFmbWQ3bm02cxAB?utm_campaign=sharing&utm_medium=link&utm_source=htls&hrf=CgUIlgEQACIDRVVSKhYKBwjkDxALGAcSBwjkDxALGAgYASgAsAEAWAFoAZoBNhINU2xpZW1hIENlbnRlcholMHgxMzBlNDUzZWI2MzJkODQzOjB4NjJkYmE5MmUyYTc3ODg3N6IBEwoJL20vMDVmN3B0EgZTbGllbWE&rp=SAI&ap=EgNDQ1EwA2gA&ved=0CIYBEMr3BGoYChMIyOrd_5LV7AIVAAAAAB0AAAAAEL0F
Ta Gianni,4.5,https://www.google.com/travel/hotels/Sliema%20Center/entity/ChkI9tzEhKmuw6MrGg0vZy8xMWY2Nmg0aDJtEAE?utm_campaign=sharing&utm_medium=link&utm_source=htls&hrf=CgUIlgEQACIDRVVSKhYKBwjkDxALGAcSBwjkDxALGAgYASgAsAEAWAFoAZoBNhINU2xpZW1hIENlbnRlcholMHgxMzBlNDUzZWI2MzJkODQzOjB4NjJkYmE5MmUyYTc3ODg3N6IBEwoJL20vMDVmN3B0EgZTbGllbWE&rp=SAI&ap=EgNDQ1EwA2gA&ved=0CJABEMr3BGoYChMIyOrd_5LV7AIVAAAAAB0AAAAAEL0F
EVOLVE Coliving,4.9,https://www.google.com/travel/hotels/Sliema%20Center/entity/ChoI1oHipcP5g8P1ARoNL2cvMTFmam5iN2Y3cBAB?utm_campaign=sharing&utm_medium=link&utm_source=htls&hrf=CgUIlgEQACIDRVVSKhYKBwjkDxALGAcSBwjkDxALGAgYASgAsAEAWAFoAZoBNhINU2xpZW1hIENlbnRlcholMHgxMzBlNDUzZWI2MzJkODQzOjB4NjJkYmE5MmUyYTc3ODg3N6IBEwoJL20vMDVmN3B0EgZTbGllbWE&rp=SAI&ap=EgNDQ1EwA2gA&ved=0CLIBEMr3BGoYChMIyOrd_5LV7AIVAAAAAB0AAAAAEL0F
Sliema Ferries guest house,3.9,https://www.google.com/travel/hotels/Sliema%20Center/entity/ChkIrrrht4HNidd2Gg0vZy8xMWcxaGZjN2IzEAE?utm_campaign=sharing&utm_medium=link&utm_source=htls&hrf=CgUIlgEQACIDRVVSKhYKBwjkDxALGAcSBwjkDxALGAgYASgAsAEAWAFoAZoBNhINU2xpZW1hIENlbnRlcholMHgxMzBlNDUzZWI2MzJkODQzOjB4NjJkYmE5MmUyYTc3ODg3N6IBEwoJL20vMDVmN3B0EgZTbGllbWE&rp=SAI&ap=EgNDREEwA2gA&ved=0CAkQyvcEahgKEwjI6t3_ktXsAhUAAAAAHQAAAAAQ-gY
Seaside Apartments Malta Sliema,3.8,https://www.google.com/travel/hotels/Sliema%20Center/entity/ChkIntTPiJH9j_coGg0vZy8xMWYxeW0yYzhjEAE?utm_campaign=sharing&utm_medium=link&utm_source=htls&hrf=CgUIlgEQACIDRVVSKhYKBwjkDxALGAcSBwjkDxALGAgYASgAsAEAWAFoAZoBNhINU2xpZW1hIENlbnRlcholMHgxMzBlNDUzZWI2MzJkODQzOjB4NjJkYmE5MmUyYTc3ODg3N6IBEwoJL20vMDVmN3B0EgZTbGllbWE&rp=SAI&ap=EgNDREEwA2gA&ved=0CB0QyvcEahgKEwjI6t3_ktXsAhUAAAAAHQAAAAAQ-gY
Fleur Holiday Apts & Penthouse - Sliema - By GetawaysMalta,4.7,https://www.google.com/travel/hotels/Sliema%20Center/entity/ChoIsq3PppOpidiCARoNL2cvMTFkeHIzcnJzMhAB?utm_campaign=sharing&utm_medium=link&utm_source=htls&hrf=CgUIlgEQACIDRVVSKhYKBwjkDxALGAcSBwjkDxALGAgYASgAsAEAWAFoAZoBNhINU2xpZW1hIENlbnRlcholMHgxMzBlNDUzZWI2MzJkODQzOjB4NjJkYmE5MmUyYTc3ODg3N6IBEwoJL20vMDVmN3B0EgZTbGllbWE&rp=SAI&ap=EgNDREEwA2gA&ved=0CCcQyvcEahgKEwjI6t3_ktXsAhUAAAAAHQAAAAAQ-gY
Backstage Boutique Townhouse,4.4,https://www.google.com/travel/hotels/Sliema%20Center/entity/ChkI9q3Pr6u67s4bGg0vZy8xMWc5cXNjZjNqEAE?utm_campaign=sharing&utm_medium=link&utm_source=htls&hrf=CgUIlgEQACIDRVVSKhYKBwjkDxALGAcSBwjkDxALGAgYASgAsAEAWAFoAZoBNhINU2xpZW1hIENlbnRlcholMHgxMzBlNDUzZWI2MzJkODQzOjB4NjJkYmE5MmUyYTc3ODg3N6IBEwoJL20vMDVmN3B0EgZTbGllbWE&rp=SAI&ap=EgNDREEwA2gA&ved=0CDkQyvcEahgKEwjI6t3_ktXsAhUAAAAAHQAAAAAQ-gY
AntikMalta,4.8,https://www.google.com/travel/hotels/Sliema%20Center/entity/ChkI1LX86u3P0NAgGg0vZy8xMWNsdDhxN3F6EAE?utm_campaign=sharing&utm_medium=link&utm_source=htls&hrf=CgUIlgEQACIDRVVSKhYKBwjkDxALGAcSBwjkDxALGAgYASgAsAEAWAFoAZoBNhINU2xpZW1hIENlbnRlcholMHgxMzBlNDUzZWI2MzJkODQzOjB4NjJkYmE5MmUyYTc3ODg3N6IBEwoJL20vMDVmN3B0EgZTbGllbWE&rp=SAI&ap=EgNDREEwA2gA&ved=0CE0QyvcEahgKEwjI6t3_ktXsAhUAAAAAHQAAAAAQ-gY
OspitalitaItaliana B&B,2.7,https://www.google.com/travel/hotels/Sliema%20Center/entity/ChkIzNa6s7ft2dAzGg0vZy8xMWYzeDh4eXk4EAE?utm_campaign=sharing&utm_medium=link&utm_source=htls&hrf=CgUIlgEQACIDRVVSKhYKBwjkDxALGAcSBwjkDxALGAgYASgAsAEAWAFoAZoBNhINU2xpZW1hIENlbnRlcholMHgxMzBlNDUzZWI2MzJkODQzOjB4NjJkYmE5MmUyYTc3ODg3N6IBEwoJL20vMDVmN3B0EgZTbGllbWE&rp=SAI&ap=EgNDREEwA2gA&ved=0CGEQyvcEahgKEwjI6t3_ktXsAhUAAAAAHQAAAAAQ-gY
Lee's House Boutique Bed and Breakfast,4.2,https://www.google.com/travel/hotels/Sliema%20Center/entity/ChkIyeWM04GS9fYyGg0vZy8xMWNzM3F4NWtjEAE?utm_campaign=sharing&utm_medium=link&utm_source=htls&hrf=CgUIlgEQACIDRVVSKhYKBwjkDxALGAcSBwjkDxALGAgYASgAsAEAWAFoAZoBNhINU2xpZW1hIENlbnRlcholMHgxMzBlNDUzZWI2MzJkODQzOjB4NjJkYmE5MmUyYTc3ODg3N6IBEwoJL20vMDVmN3B0EgZTbGllbWE&rp=SAI&ap=EgNDREEwA2gA&ved=0CHUQyvcEahgKEwjI6t3_ktXsAhUAAAAAHQAAAAAQ-gY
Hammock Vibes Town House,5.0,https://www.google.com/travel/hotels/Sliema%20Center/entity/ChoIqvyirPeoxN_2ARoNL2cvMTFqNHhxczgzdBAB?utm_campaign=sharing&utm_medium=link&utm_source=htls&hrf=CgUIlgEQACIDRVVSKhYKBwjkDxALGAcSBwjkDxALGAgYASgAsAEAWAFoAZoBNhINU2xpZW1hIENlbnRlcholMHgxMzBlNDUzZWI2MzJkODQzOjB4NjJkYmE5MmUyYTc3ODg3N6IBEwoJL20vMDVmN3B0EgZTbGllbWE&rp=SAI&ap=EgNDREEwA2gA&ved=0CIkBEMr3BGoYChMIyOrd_5LV7AIVAAAAAB0AAAAAEPoG
Pace Guest House,4.2,https://www.google.com/travel/hotels/Sliema%20Center/entity/ChoI7d37ldb81NuIARoNL2cvMTFidzdkOTI2MBAB?utm_campaign=sharing&utm_medium=link&utm_source=htls&hrf=CgUIlgEQACIDRVVSKhYKBwjkDxALGAcSBwjkDxALGAgYASgAsAEAWAFoAZoBNhINU2xpZW1hIENlbnRlcholMHgxMzBlNDUzZWI2MzJkODQzOjB4NjJkYmE5MmUyYTc3ODg3N6IBEwoJL20vMDVmN3B0EgZTbGllbWE&rp=SAI&ap=EgNDREEwA2gA&ved=0CJMBEMr3BGoYChMIyOrd_5LV7AIVAAAAAB0AAAAAEPoG
Hostel 94,3.8,https://www.google.com/travel/hotels/Sliema%20Center/entity/ChkI98Lq5MzkifxrGg0vZy8xMWI2ZDFyMndoEAE?utm_campaign=sharing&utm_medium=link&utm_source=htls&hrf=CgUIlgEQACIDRVVSKhYKBwjkDxALGAcSBwjkDxALGAgYASgAsAEAWAFoAZoBNhINU2xpZW1hIENlbnRlcholMHgxMzBlNDUzZWI2MzJkODQzOjB4NjJkYmE5MmUyYTc3ODg3N6IBEwoJL20vMDVmN3B0EgZTbGllbWE&rp=SAI&ap=EgNDREEwA2gA&ved=0CKcBEMr3BGoYChMIyOrd_5LV7AIVAAAAAB0AAAAAEPoG
AM Apartments,3.7,https://www.google.com/travel/hotels/Sliema%20Center/entity/ChcIp9i47eqvtdVEGgsvZy8xdGZ6N2RqeRAB?utm_campaign=sharing&utm_medium=link&utm_source=htls&hrf=CgUIlgEQACIDRVVSKhYKBwjkDxALGAcSBwjkDxALGAgYASgAsAEAWAFoAZoBNhINU2xpZW1hIENlbnRlcholMHgxMzBlNDUzZWI2MzJkODQzOjB4NjJkYmE5MmUyYTc3ODg3N6IBEwoJL20vMDVmN3B0EgZTbGllbWE&rp=SAI&ap=EgNDREEwA2gA&ved=0CL8BEMr3BGoYChMIyOrd_5LV7AIVAAAAAB0AAAAAEPoG
Hostel Jones,3.9,https://www.google.com/travel/hotels/Sliema%20Center/entity/ChgI74CZmNfp9ad5GgwvZy8xMWgwODRicF8QAQ?utm_campaign=sharing&utm_medium=link&utm_source=htls&hrf=CgUIlgEQACIDRVVSKhYKBwjkDxALGAcSBwjkDxALGAgYASgAsAEAWAFoAZoBNhINU2xpZW1hIENlbnRlcholMHgxMzBlNDUzZWI2MzJkODQzOjB4NjJkYmE5MmUyYTc3ODg3N6IBEwoJL20vMDVmN3B0EgZTbGllbWE&rp=SAI&ap=EgNDREEwA2gA&ved=0CNMBEMr3BGoYChMIyOrd_5LV7AIVAAAAAB0AAAAAEPoG
Central Sliema Affordable Apartment,4.0,https://www.google.com/travel/hotels/Sliema%20Center/entity/ChgIp_HXpIK2sZuLARoLL2cvMXRmMTJzdzQQAQ?utm_campaign=sharing&utm_medium=link&utm_source=htls&hrf=CgUIlgEQACIDRVVSKhYKBwjkDxALGAcSBwjkDxALGAgYASgAsAEAWAFoAZoBNhINU2xpZW1hIENlbnRlcholMHgxMzBlNDUzZWI2MzJkODQzOjB4NjJkYmE5MmUyYTc3ODg3N6IBEwoJL20vMDVmN3B0EgZTbGllbWE&rp=SAI&ap=EgNDRHcwA2gA&ved=0CAkQyvcEahgKEwjI6t3_ktXsAhUAAAAAHQAAAAAQswg
AM Hostel,4.3,https://www.google.com/travel/hotels/Sliema%20Center/entity/ChkInv2SwLfL_tARGg0vZy8xMWhfX2oxeWR0EAE?utm_campaign=sharing&utm_medium=link&utm_source=htls&hrf=CgUIlgEQACIDRVVSKhYKBwjkDxALGAcSBwjkDxALGAgYASgAsAEAWAFoAZoBNhINU2xpZW1hIENlbnRlcholMHgxMzBlNDUzZWI2MzJkODQzOjB4NjJkYmE5MmUyYTc3ODg3N6IBEwoJL20vMDVmN3B0EgZTbGllbWE&rp=SAI&ap=EgNDRHcwA2gA&ved=0CBQQyvcEahgKEwjI6t3_ktXsAhUAAAAAHQAAAAAQswg
CityDacha,4.7,https://www.google.com/travel/hotels/Sliema%20Center/entity/ChoIybqf86KyqaPHARoNL2cvMTFkXzhndHNyXxAB?utm_campaign=sharing&utm_medium=link&utm_source=htls&hrf=CgUIlgEQACIDRVVSKhYKBwjkDxALGAcSBwjkDxALGAgYASgAsAEAWAFoAZoBNhINU2xpZW1hIENlbnRlcholMHgxMzBlNDUzZWI2MzJkODQzOjB4NjJkYmE5MmUyYTc3ODg3N6IBEwoJL20vMDVmN3B0EgZTbGllbWE&rp=SAI&ap=EgNDRHcwA2gA&ved=0CCYQyvcEahgKEwjI6t3_ktXsAhUAAAAAHQAAAAAQswg
Athena Boutique Hostel,3.9,https://www.google.com/travel/hotels/Sliema%20Center/entity/ChkI-MrwoIWjgYt_Gg0vZy8xMWg1NWJ4cDh5EAE?utm_campaign=sharing&utm_medium=link&utm_source=htls&hrf=CgUIlgEQACIDRVVSKhYKBwjkDxALGAcSBwjkDxALGAgYASgAsAEAWAFoAZoBNhINU2xpZW1hIENlbnRlcholMHgxMzBlNDUzZWI2MzJkODQzOjB4NjJkYmE5MmUyYTc3ODg3N6IBEwoJL20vMDVmN3B0EgZTbGllbWE&rp=SAI&ap=EgNDRHcwA2gA&ved=0CDgQyvcEahgKEwjI6t3_ktXsAhUAAAAAHQAAAAAQswg
Time Flies B&B,4.6,https://www.google.com/travel/hotels/Sliema%20Center/entity/ChkIotWbgPHi97iYARoML2cvMXMwNGM3X2prEAE?utm_campaign=sharing&utm_medium=link&utm_source=htls&hrf=CgUIlgEQACIDRVVSKhYKBwjkDxALGAcSBwjkDxALGAgYASgAsAEAWAFoAZoBNhINU2xpZW1hIENlbnRlcholMHgxMzBlNDUzZWI2MzJkODQzOjB4NjJkYmE5MmUyYTc3ODg3N6IBEwoJL20vMDVmN3B0EgZTbGllbWE&rp=SAI&ap=EgNDRHcwA2gA&ved=0CFEQyvcEahgKEwjI6t3_ktXsAhUAAAAAHQAAAAAQswg
The Crown Apts.,4.7,https://www.google.com/travel/hotels/Sliema%20Center/entity/ChkI6dTtlK-8krMEGg0vZy8xMWc5cTZjZjBwEAE?utm_campaign=sharing&utm_medium=link&utm_source=htls&hrf=CgUIlgEQACIDRVVSKhYKBwjkDxALGAcSBwjkDxALGAgYASgAsAEAWAFoAZoBNhINU2xpZW1hIENlbnRlcholMHgxMzBlNDUzZWI2MzJkODQzOjB4NjJkYmE5MmUyYTc3ODg3N6IBEwoJL20vMDVmN3B0EgZTbGllbWE&rp=SAI&ap=EgNDRHcwA2gA&ved=0CGUQyvcEahgKEwjI6t3_ktXsAhUAAAAAHQAAAAAQswg
Simon's Apartments Sliema,4.1,https://www.google.com/travel/hotels/Sliema%20Center/entity/ChoI_aaax8L-pszsARoNL2cvMTFmNHd2NTZ4MhAB?utm_campaign=sharing&utm_medium=link&utm_source=htls&hrf=CgUIlgEQACIDRVVSKhYKBwjkDxALGAcSBwjkDxALGAgYASgAsAEAWAFoAZoBNhINU2xpZW1hIENlbnRlcholMHgxMzBlNDUzZWI2MzJkODQzOjB4NjJkYmE5MmUyYTc3ODg3N6IBEwoJL20vMDVmN3B0EgZTbGllbWE&rp=SAI&ap=EgNDRHcwA2gA&ved=0CG8QyvcEahgKEwjI6t3_ktXsAhUAAAAAHQAAAAAQswg
NSTS Hibernia Residence & Hostel,2.8,https://www.google.com/travel/hotels/Sliema%20Center/entity/ChkIv6bNvLm_3KsdGg0vZy8xMWM1YnlrNWQ4EAE?utm_campaign=sharing&utm_medium=link&utm_source=htls&hrf=CgUIlgEQACIDRVVSKhYKBwjkDxALGAcSBwjkDxALGAgYASgAsAEAWAFoAZoBNhINU2xpZW1hIENlbnRlcholMHgxMzBlNDUzZWI2MzJkODQzOjB4NjJkYmE5MmUyYTc3ODg3N6IBEwoJL20vMDVmN3B0EgZTbGllbWE&rp=SAI&ap=EgNDRHcwA2gA&ved=0CIEBEMr3BGoYChMIyOrd_5LV7AIVAAAAAB0AAAAAELMI
Nicolaus San Julian,5.0,https://www.google.com/travel/hotels/Sliema%20Center/entity/ChkIi7L4qrK8uYBLGg0vZy8xMWZrdnA0X3M0EAE?utm_campaign=sharing&utm_medium=link&utm_source=htls&hrf=CgUIlgEQACIDRVVSKhYKBwjkDxALGAcSBwjkDxALGAgYASgAsAEAWAFoAZoBNhINU2xpZW1hIENlbnRlcholMHgxMzBlNDUzZWI2MzJkODQzOjB4NjJkYmE5MmUyYTc3ODg3N6IBEwoJL20vMDVmN3B0EgZTbGllbWE&rp=SAI&ap=EgNDRHcwA2gA&ved=0CJMBEMr3BGoYChMIyOrd_5LV7AIVAAAAAB0AAAAAELMI
Googaia Home - Depiro,3.6,https://www.google.com/travel/hotels/Sliema%20Center/entity/ChoI5OSN19_t4JzrARoNL2cvMTFjNWJ0a25tbRAB?utm_campaign=sharing&utm_medium=link&utm_source=htls&hrf=CgUIlgEQACIDRVVSKhYKBwjkDxALGAcSBwjkDxALGAgYASgAsAEAWAFoAZoBNhINU2xpZW1hIENlbnRlcholMHgxMzBlNDUzZWI2MzJkODQzOjB4NjJkYmE5MmUyYTc3ODg3N6IBEwoJL20vMDVmN3B0EgZTbGllbWE&rp=SAI&ap=EgNDRHcwA2gA&ved=0CKUBEMr3BGoYChMIyOrd_5LV7AIVAAAAAB0AAAAAELMI
PeaceHaven#8,3.4,https://www.google.com/travel/hotels/Sliema%20Center/entity/ChkIvMKa6sGEvec2Gg0vZy8xMWNtX2h4eWZsEAE?utm_campaign=sharing&utm_medium=link&utm_source=htls&hrf=CgUIlgEQACIDRVVSKhYKBwjkDxALGAcSBwjkDxALGAgYASgAsAEAWAFoAZoBNhINU2xpZW1hIENlbnRlcholMHgxMzBlNDUzZWI2MzJkODQzOjB4NjJkYmE5MmUyYTc3ODg3N6IBEwoJL20vMDVmN3B0EgZTbGllbWE&rp=SAI&ap=EgNDRHcwA2gA&ved=0CLYBEMr3BGoYChMIyOrd_5LV7AIVAAAAAB0AAAAAELMI
Fine Living Arts&Co.,3.8,https://www.google.com/travel/hotels/Sliema%20Center/entity/ChoIu4ezh6XLjp-AARoNL2cvMTFjMjBzcnhrahAB?utm_campaign=sharing&utm_medium=link&utm_source=htls&hrf=CgUIlgEQACIDRVVSKhYKBwjkDxALGAcSBwjkDxALGAgYASgAsAEAWAFoAZoBNhINU2xpZW1hIENlbnRlcholMHgxMzBlNDUzZWI2MzJkODQzOjB4NjJkYmE5MmUyYTc3ODg3N6IBEwoJL20vMDVmN3B0EgZTbGllbWE&rp=SAI&ap=EgNDRWcwA2gA&ved=0CAkQyvcEahgKEwjI6t3_ktXsAhUAAAAAHQAAAAAQ2gk
Corner Hostel,3.8,https://www.google.com/travel/hotels/Sliema%20Center/entity/ChkI58i14dyf98CBARoML2cvMWhjMjdtMjhwEAE?utm_campaign=sharing&utm_medium=link&utm_source=htls&hrf=CgUIlgEQACIDRVVSKhYKBwjkDxALGAcSBwjkDxALGAgYASgAsAEAWAFoAZoBNhINU2xpZW1hIENlbnRlcholMHgxMzBlNDUzZWI2MzJkODQzOjB4NjJkYmE5MmUyYTc3ODg3N6IBEwoJL20vMDVmN3B0EgZTbGllbWE&rp=SAI&ap=EgNDRWcwA2gA&ved=0CBsQyvcEahgKEwjI6t3_ktXsAhUAAAAAHQAAAAAQ2gk
Maltese Rooms,2.1,https://www.google.com/travel/hotels/Sliema%20Center/entity/ChkI0crr9u7kzs4VGg0vZy8xMWZrZjliZG1nEAE?utm_campaign=sharing&utm_medium=link&utm_source=htls&hrf=CgUIlgEQACIDRVVSKhYKBwjkDxALGAcSBwjkDxALGAgYASgAsAEAWAFoAZoBNhINU2xpZW1hIENlbnRlcholMHgxMzBlNDUzZWI2MzJkODQzOjB4NjJkYmE5MmUyYTc3ODg3N6IBEwoJL20vMDVmN3B0EgZTbGllbWE&rp=SAI&ap=EgNDRWcwA2gA&ved=0CEkQyvcEahgKEwjI6t3_ktXsAhUAAAAAHQAAAAAQ2gk
Sliema Boutique Apartment,4.7,https://www.google.com/travel/hotels/Sliema%20Center/entity/ChoIpfWEw8q4ocLJARoNL2cvMTFiNzNxNjd2ahAB?utm_campaign=sharing&utm_medium=link&utm_source=htls&hrf=CgUIlgEQACIDRVVSKhYKBwjkDxALGAcSBwjkDxALGAgYASgAsAEAWAFoAZoBNhINU2xpZW1hIENlbnRlcholMHgxMzBlNDUzZWI2MzJkODQzOjB4NjJkYmE5MmUyYTc3ODg3N6IBEwoJL20vMDVmN3B0EgZTbGllbWE&rp=SAI&ap=EgNDRWcwA2gA&ved=0CFsQyvcEahgKEwjI6t3_ktXsAhUAAAAAHQAAAAAQ2gk
Seabreeze,4.0,https://www.google.com/travel/hotels/Sliema%20Center/entity/ChoI8f6si7qckbzKARoNL2cvMTFqOHF4OGtqOBAB?utm_campaign=sharing&utm_medium=link&utm_source=htls&hrf=CgUIlgEQACIDRVVSKhYKBwjkDxALGAcSBwjkDxALGAgYASgAsAEAWAFoAZoBNhINU2xpZW1hIENlbnRlcholMHgxMzBlNDUzZWI2MzJkODQzOjB4NjJkYmE5MmUyYTc3ODg3N6IBEwoJL20vMDVmN3B0EgZTbGllbWE&rp=SAI&ap=EgNDRWcwA2gA&ved=0CG0QyvcEahgKEwjI6t3_ktXsAhUAAAAAHQAAAAAQ2gk
Sliema Room Rent Malta,3.8,https://www.google.com/travel/hotels/Sliema%20Center/entity/ChcI3IOZz5KFx7kLGgsvZy8xdndneTU0bRAB?utm_campaign=sharing&utm_medium=link&utm_source=htls&hrf=CgUIlgEQACIDRVVSKhYKBwjkDxALGAcSBwjkDxALGAgYASgAsAEAWAFoAZoBNhINU2xpZW1hIENlbnRlcholMHgxMzBlNDUzZWI2MzJkODQzOjB4NjJkYmE5MmUyYTc3ODg3N6IBEwoJL20vMDVmN3B0EgZTbGllbWE&rp=SAI&ap=EgNDRWcwA2gA&ved=0CJEBEMr3BGoYChMIyOrd_5LV7AIVAAAAAB0AAAAAENoJ
Sliema,5.0,https://www.google.com/travel/hotels/Sliema%20Center/entity/ChkIjc-Gh8XQw-8ZGg0vZy8xMWd5MjZkMGcyEAE?utm_campaign=sharing&utm_medium=link&utm_source=htls&hrf=CgUIlgEQACIDRVVSKhYKBwjkDxALGAcSBwjkDxALGAgYASgAsAEAWAFoAZoBNhINU2xpZW1hIENlbnRlcholMHgxMzBlNDUzZWI2MzJkODQzOjB4NjJkYmE5MmUyYTc3ODg3N6IBEwoJL20vMDVmN3B0EgZTbGllbWE&rp=SAI&ap=EgNDRWcwA2gA&ved=0CJ0BEMr3BGoYChMIyOrd_5LV7AIVAAAAAB0AAAAAENoJ
Tropea court,5.0,https://www.google.com/travel/hotels/Sliema%20Center/entity/ChkIp7TA2Z25v9EXGg0vZy8xMWhfMjZyeHJqEAE?utm_campaign=sharing&utm_medium=link&utm_source=htls&hrf=CgUIlgEQACIDRVVSKhYKBwjkDxALGAcSBwjkDxALGAgYASgAsAEAWAFoAZoBNhINU2xpZW1hIENlbnRlcholMHgxMzBlNDUzZWI2MzJkODQzOjB4NjJkYmE5MmUyYTc3ODg3N6IBEwoJL20vMDVmN3B0EgZTbGllbWE&rp=SAI&ap=EgNDRWcwA2gA&ved=0CKoBEMr3BGoYChMIyOrd_5LV7AIVAAAAAB0AAAAAENoJ
Sliema tastefully furnished penthouse,5.0,https://www.google.com/travel/hotels/Sliema%20Center/entity/ChkIsvz517P7tacyGg0vZy8xMWh6Nm1sMHk2EAE?utm_campaign=sharing&utm_medium=link&utm_source=htls&hrf=CgUIlgEQACIDRVVSKhYKBwjkDxALGAcSBwjkDxALGAgYASgAsAEAWAFoAZoBNhINU2xpZW1hIENlbnRlcholMHgxMzBlNDUzZWI2MzJkODQzOjB4NjJkYmE5MmUyYTc3ODg3N6IBEwoJL20vMDVmN3B0EgZTbGllbWE&rp=SAI&ap=EgNDRlEwA2gA&ved=0CAkQyvcEahgKEwjI6t3_ktXsAhUAAAAAHQAAAAAQlAs
Chalet Apartments,4.5,https://www.google.com/travel/hotels/Sliema%20Center/entity/ChkI6cKKj_yAlPhQGg0vZy8xMWdobmQ3bTkwEAE?utm_campaign=sharing&utm_medium=link&utm_source=htls&hrf=CgUIlgEQACIDRVVSKhYKBwjkDxALGAcSBwjkDxALGAgYASgAsAEAWAFoAZoBNhINU2xpZW1hIENlbnRlcholMHgxMzBlNDUzZWI2MzJkODQzOjB4NjJkYmE5MmUyYTc3ODg3N6IBEwoJL20vMDVmN3B0EgZTbGllbWE&rp=SAI&ap=EgNDRlEwA2gA&ved=0CC0QyvcEahgKEwjI6t3_ktXsAhUAAAAAHQAAAAAQlAs
OspitalitaItaliana SweetHome B&B Sliema,3.7,https://www.google.com/travel/hotels/Sliema%20Center/entity/ChkIruKA0djH8dx8Gg0vZy8xMWcxbG1nOWNsEAE?utm_campaign=sharing&utm_medium=link&utm_source=htls&hrf=CgUIlgEQACIDRVVSKhYKBwjkDxALGAcSBwjkDxALGAgYASgAsAEAWAFoAZoBNhINU2xpZW1hIENlbnRlcholMHgxMzBlNDUzZWI2MzJkODQzOjB4NjJkYmE5MmUyYTc3ODg3N6IBEwoJL20vMDVmN3B0EgZTbGllbWE&rp=SAI&ap=EgNDRlEwA2gA&ved=0CD8QyvcEahgKEwjI6t3_ktXsAhUAAAAAHQAAAAAQlAs
Windsor Point 2,1.0,https://www.google.com/travel/hotels/Sliema%20Center/entity/ChoIm4Lp0Pvxppf5ARoNL2cvMTFmbXpneHYwdxAB?utm_campaign=sharing&utm_medium=link&utm_source=htls&hrf=CgUIlgEQACIDRVVSKhYKBwjkDxALGAcSBwjkDxALGAgYASgAsAEAWAFoAZoBNhINU2xpZW1hIENlbnRlcholMHgxMzBlNDUzZWI2MzJkODQzOjB4NjJkYmE5MmUyYTc3ODg3N6IBEwoJL20vMDVmN3B0EgZTbGllbWE&rp=SAI&ap=EgNDRlEwA2gA&ved=0CEkQyvcEahgKEwjI6t3_ktXsAhUAAAAAHQAAAAAQlAs
Stylish Bedroom in Central Malta,4.5,https://www.google.com/travel/hotels/Sliema%20Center/entity/ChkIoZD_kNGQi7ckGg0vZy8xMWY0d3Q4ejNiEAE?utm_campaign=sharing&utm_medium=link&utm_source=htls&hrf=CgUIlgEQACIDRVVSKhYKBwjkDxALGAcSBwjkDxALGAgYASgAsAEAWAFoAZoBNhINU2xpZW1hIENlbnRlcholMHgxMzBlNDUzZWI2MzJkODQzOjB4NjJkYmE5MmUyYTc3ODg3N6IBEwoJL20vMDVmN3B0EgZTbGllbWE&rp=SAI&ap=EgNDRlEwA2gA&ved=0CFMQyvcEahgKEwjI6t3_ktXsAhUAAAAAHQAAAAAQlAs
Henry's Apartments,3.0,https://www.google.com/travel/hotels/Sliema%20Center/entity/ChkI8YCSm-qDzfjxARoML2cvMWhjNzZnZDgzEAE?utm_campaign=sharing&utm_medium=link&utm_source=htls&hrf=CgUIlgEQACIDRVVSKhYKBwjkDxALGAcSBwjkDxALGAgYASgAsAEAWAFoAZoBNhINU2xpZW1hIENlbnRlcholMHgxMzBlNDUzZWI2MzJkODQzOjB4NjJkYmE5MmUyYTc3ODg3N6IBEwoJL20vMDVmN3B0EgZTbGllbWE&rp=SAI&ap=EgNDR0EwA2gA&ved=0CAkQyvcEahgKEwjI6t3_ktXsAhUAAAAAHQAAAAAQ0Aw
Guest House. Theoria Travel,1.0,https://www.google.com/travel/hotels/Sliema%20Center/entity/ChkI34TZosWJ1P5aGg0vZy8xMWZtcW5qMW44EAE?utm_campaign=sharing&utm_medium=link&utm_source=htls&hrf=CgUIlgEQACIDRVVSKhYKBwjkDxALGAcSBwjkDxALGAgYASgAsAEAWAFoAZoBNhINU2xpZW1hIENlbnRlcholMHgxMzBlNDUzZWI2MzJkODQzOjB4NjJkYmE5MmUyYTc3ODg3N6IBEwoJL20vMDVmN3B0EgZTbGllbWE&rp=SAI&ap=EgNDR0EwA2gA&ved=0CCUQyvcEahgKEwjI6t3_ktXsAhUAAAAAHQAAAAAQ0Aw
